muddykippies,e1ba2b00-4958-3b60-93f8-6f0c58dd5a09
epicwhitebunni,74ec0f04-4459-3989-a4fa-40d9357c96f0
sarakoo,c1bcd7c0-c991-378e-9be0-531735a48fed
nautilus33o1,10be8491-164f-36ae-b773-48ba3e8c35e6
sadpanda3d,7b22bc6e-5635-3dfe-a564-94408d0640ec
mrcoolguy28,8829bc02-c563-32e4-9770-f72a2f40d8fa
sanes,10633626-3002-32a9-a5f1-0f7743877c2c
naqster,20bed809-87f8-3917-9371-7a802627787a
justhelizard,7fe0ac99-2a2b-35fd-8a60-b6055adb21b7
kanjuden,a4377553-ba6a-3295-848f-56d0d6410f30
asb9896,e0b0068f-f216-35c2-87e2-9367b84c2e43
decae,d6bead6c-1f96-3d8b-94f5-fe92159c9f93
plswork,0d935484-32f6-3e2c-acec-606c86b67d25
luckytiger7,4a00a174-536f-33bc-8a00-232ebcc4e1af
asdasfsda,8605db1f-6d7f-3674-a13f-5ba0799d0561
luigirusso1998,b27f098c-6122-37c6-90a6-91237a70f512
mudclip11,150e9ef0-7c26-308c-9d0e-7bfee6a34ea7
slaceran,2909a75b-157f-3108-a43d-4e440fdd1683
njgkshfdjk,224f5212-ff0b-32c9-91f1-4c8242facfe6
virusthrityfive,b9ddad24-8f24-35c2-a330-27ddb8799ce9
dgrr,2bc1b9ab-a3d3-30a2-a69a-032d17e3dfd3
jamieiscool,02274b7a-b10b-34fe-96a3-390b01661e3c
asiadhf,71721c2a-ae69-3649-895b-c95e377245a9
tehepicmango,8835a0b6-fe89-3cce-9a58-c8d26046a9ea
smartboard,0a5d6659-9d2c-3003-ad3c-caa7366c4c66
vturer,568f6b31-60a8-3434-86ff-476595f6bc05
fiuffyduck,87373474-85df-39ff-93b2-ec0143cbadcf
jamieclo,30d8b40a-5508-3802-898c-1b1ed9a27da3
penis123,e1c28fe4-9d8e-31ad-8cde-8e9712bb9de7
ashfhakhjf,8455f8f5-b306-3d4c-b5e4-78deafa538aa
astronomer42403,b4b8f957-8105-3970-a941-77618517108a
seemlyfoo,19c83d14-cb63-371b-8396-9f2dc4fe118d
jamieklo,cdc52dac-af83-32b9-b36a-5f3759470df9
reeeeee,5d8691e8-3a2e-3d0e-a511-72d5917d6f8c
puipuw,9f03a870-74cf-3bbe-aead-6d41c10257e0
testuser893,fbadd11d-8592-362b-bf6f-b67e59a763bb
oiuerwbf,a45e733f-6b11-3fd5-bb31-7c998ccbbb8a
determinedarson,4ef6f7c6-59c1-3927-9d9e-fd66b0ec8b19
te3m0,aa269fe0-690d-30df-a908-b83134ce54c7
kjkhgdaujfh,a02e3fd2-5e29-3e64-ac4b-64bed12e068b
grayling,8bf2dc63-dec3-3f1e-ba31-adb2ce3798fa
hellovirus,3b21f534-5311-3d13-b27e-94bddd5aec4f
manynuggets,c41886e2-48e6-3d14-9203-7cf5fc168571
tester1,cb8367e9-7b5a-367c-a805-35160ec93aba
devilmackz,60aab44c-3dee-3e16-bc96-027948838917
isvani,3a4902eb-55d0-3cb4-9f92-0b33633722e2
sk_mt,301f23f8-537a-37ef-b7f5-04ff490fbbd1
smartguy1456,b3ab4c4f-4a4a-37c5-bc0a-1b0e359d1a27
n,53df77fa-d7df-3645-b96f-2834593c4506
test_4,a6c0d571-3b48-318f-8547-a8b2fcd3c78b
virusthirtyfive,d798c663-4c68-3249-afab-8a9649fda960
sniffer53,c0f95781-31d7-3c4a-9cef-dcfc3338d678
reet123,777a1710-1720-3f97-838f-4bf79cc732f8
w,4413f9d9-9254-37e7-a1c2-414ce338e08b
atziri,a66b7ff7-6282-3231-a216-f88e20c47a16
smol_lamb,84a7686b-acda-3f61-a66d-482e6ffff2cc
1234567,23aed58b-69a7-3fca-9f11-9de006b96dc3
dig_bot,b752de38-b2f4-384b-b4dc-5317f8cdbf2f
stubent,3e3c6d0a-36e7-3476-9bf0-33f7346ac9a1
chthonium,bc3a8dc9-5ed2-3613-af35-ea1eb7321d5a
nxutilus,af09fc79-c693-3a95-9edb-fe923d7260db
floralwinds,86e88408-73c0-336a-9cf8-f3ec030e8c48
videogamer80,267f9578-ce2f-3026-8544-4edf48f17c4e
shaecin,3ce716c7-1757-398a-ac72-3565206d219f
deerqueen11,c3cc67bd-ee9b-3c0c-a836-24a7ede2e489
penis1234,35cb982c-5617-3d7d-b1af-66673e91fd49
asdasda,dba80c34-4847-3a20-b458-e36785a2738d
kjhfsdhf,1ab9a407-9a45-3ed9-a58c-fc6d91c88a2c
saintjared,11ef999d-1d74-3fb3-9ee0-7447cc9e225f
zekramz,afc87a8c-0559-38c4-bef7-1cc8f1bb1ec5
maycontain,da76bfbe-95f6-389a-ab0b-531a810b6aec
artless_hbh,9120e95e-e68a-309a-84b2-9b2561e72fab
kneegurrlover,f2e65d70-e3e2-3670-93d1-5599cae4b1a9
aiyabowman,94e209b0-20fd-30ca-a81e-8ad4bd8da68e
penderrin,ee0dff20-4be8-3eac-a099-6c84ced8f6d3
fire_drake,1b012d52-a5e6-3b3c-bed0-6134bc1e7615
kuyanthony,c9169c10-e836-3f59-a382-be74309fdd33
lidien,46dda9fc-da90-3f23-b075-ab1be3c653bb
sandjkaskjd,1bd08efd-9a5e-35d4-a939-e417c9aabb4d
lefttoe,5a6ea9be-f650-3317-bd3b-d83eee0256dd
pitayamerica,9fd508c6-8076-3756-818d-bfee8e5394f4
prayforthis8872,30d2d0e6-2de8-3bcb-92a8-974486076c12
pirocoid,d33651df-fe2d-3ae0-853e-88809cefd148
sementits,41dfa4d8-6d85-3778-b10c-1faf067a4251
speeders68,e3246ca9-8844-3c09-8cbc-9d2bf7056b4c
doomslayer,42a35c8f-73aa-320a-a164-11b42f8661b1
nar5,98ddce23-1899-3c89-994e-434393632601
fiposlav,1ed29a83-242a-3fdd-b292-9f102ed51bb2
desword,ffed666b-0b09-3fd0-8f36-df3f9647b24c
asdasd,b44dd396-5f60-39b0-9eef-a0e6e5dde160
roden,fd58d3ba-2620-3241-90ab-98db456a1adc
itstreasonthen,3d97c416-5542-375a-b3fe-474abd461efa
burmaha,f96dc51a-6450-3627-a159-efab5b6f02a2
falconson,753dab89-e368-39fb-b948-67b7d6369da8
cannonfodder127,e8ad3d78-0cf7-3863-ab5b-50f24d2e944e
ese12312,0eb5b778-edf2-3204-88b7-97991bcfc5d0
reeea,eaf63e84-d2fe-3879-b1ca-6f948a22648c
aleony14,5d60e7f6-36e3-357a-a0ad-909da291c412
mathguy2357,791cf8b1-8e43-30c8-8a6a-73537ef7dfee
quackyducky,8cf2defa-2094-3838-8b0e-b8eb4d31348d
aidan_knight,c9710cd3-1539-35fd-ae04-10ee63771f7a
gammallama,8fd7c551-0db5-3c33-bc05-e3778102bf0c
virusthirtyfour,6816506f-0a3a-3292-a2a6-c6b127132ed9
cubebox51,75716343-32b5-3676-8889-d58f218727c8
flamingoven,ed9f7843-a1fe-3a00-ace0-012abc976864
vovnsons,2380006a-d5a1-35bf-b3a9-32eaf2f28da2
erica2poor4mc,dca21065-34a1-310f-bd3a-cb5b193d1bc0
turtleyacht,f078fd47-b97c-38c6-87fa-1bae77b7f06d
dquong,dc79b2d4-c730-3e81-bafd-f14755fc652d
blockbreaktest3,89fd6d04-18b9-3636-a284-e0834f5113f5
dynazide,6cd023f3-d544-357a-bd13-0a5f87c64e13
blockbreaktest2,2dfd90cc-7b2d-381c-b852-6abc5ee9b692
blockbreaktest1,90510071-4cc6-3227-b5e7-3a62991d66ca
player519,17cd00bc-bed9-33c2-9949-d9371a9a3eeb
niff33,9658726a-b22c-365d-a6a8-d9ce3c39bc5d
blokbreaktest1,ec9621de-e746-383b-af0f-9172235d08ec
granbraan,5e024635-f448-3a0c-9199-b3d709a0ea38
qwe,8814693d-9f5b-31d6-b0cc-e8a50be2708a
dynazyde,fcd51d01-c1f6-3ce5-bf67-10f997b39289
leokinz,c74f146c-cf6d-32c5-b4ff-5c287e4bae13
legend_of_larren,9d3b5fba-7cd5-391b-b955-67174e3d20b2
muslimpoopgaming,ab054a74-ebd1-359b-ba16-28d165c7b154
colacrows,09bcf62b-286d-3925-91be-2ee058cd5e82
yxxxxnn,cb07bb26-f39a-3cf5-96ee-f10d2f2a33e6
ember4869,646bda9c-9cc2-3866-8d3e-615edbfad7da
brenfan,cb37bf77-a731-3d5d-a982-916a15a6b2dc
asdasfew,b22242d9-fc15-3cf7-ad78-ffa56f7506f3
zmakarov,347efb25-cf63-3bd5-bb4c-c035a55e098b
tester_1,cd27d8e4-d441-3913-bf7c-5188582e3604
allybaba,da22f87d-be9e-3c29-9100-76494442d1c5
wvvvvw,a5fbb5a7-1ed5-325d-99cf-cd87cb6da041
asndkjanff,ef2a4715-651a-36a0-83ad-daac8d3c40e7
abortfetus,a80718a0-74d2-3f0a-9f6e-52a046ed41f8
klepto25,4b96032f-049e-3c3e-8ae2-a7376f70747e
zushi_,957dfb8b-8b73-3a3a-85a4-49cbd230f232
shabzprime,a80731e2-a496-3fff-916c-95cc93a82e8d
kdbkun,16a340ec-2b48-39eb-9b35-c6209186a9d3
redrasword,b8135e6f-a962-3cfa-9cd3-a80d08ba6011
monkeydluffy2424,bf05cdda-e0ee-3766-80a4-e850a85c258f
hiaosjdk,71f31db8-f41d-3a92-8fa1-c2bb1746e349
benterprises,267f6300-2614-38b7-9992-e5a7c4eb53c4
cheshhatteraj,80d6a39a-5ee9-3d49-990b-da23adf60257
tefenix,fd479450-a8ef-3cbc-833a-8fa9403363f2
mercenarymercury,142e6155-12c5-32ef-9d46-a0a0fed876d4
mercenaryxarc,7d06d61d-35af-3e62-9fb0-5a354489c67c
molloyboy123,924f1d0f-164a-30b8-a412-c5b824f7e7c7
69er420,3274a795-acb5-3d1e-9d7c-5cffc35af895
asfokjwer,e652199f-9978-32fa-aaac-b9155eefd69f
nameisthename,1365ad9a-709d-3aa9-a9d3-d1da51a37e05
astro115,fc78f0ba-3f68-35ca-9d75-8586bf940e2a
ermergesh,0c455444-b76c-3a0e-962f-85e08d9c0202
myeuki,9740c467-a1a2-3aa6-b984-05c622c0f48c
wqrrior,a86d684c-4f34-367b-b25f-31a8ccc6eefc
stinker69,e90d874d-ff4a-37c4-8125-064a294974b1
virusthirty3,ad0edfe9-2e84-350a-82cd-2b9747b5d3a6
test2,dda915f8-abf6-31e8-8221-e0eaa1f9c4c7
test3,0f1e2309-3ba3-3ba8-b90a-5b2a25b198f8
asfasd,9cca98f6-8866-39e6-a33d-50eb55bf7a72
vellinder,662a8b40-cf27-3aca-9b50-443c94afa18e
jynf,4481b10e-0495-3769-9816-bfa4daf1d896
afafsji,5f0cf11a-50a7-3f49-bc5d-7c3c0f406846
h7i,7b3c20d4-2993-3979-b26b-855bb12d3d1d
kaynor1,8915f222-fc32-3cba-9677-209ce3cb9838
deathcountnova,dfa7ee20-637b-3230-a418-525723f88fdf
ain3,85f84afb-01f8-3a0e-946f-d2bff44f3ed8
85blockpuncher78,4b8f67ee-378c-3864-b5da-9d585cf1fb42
jazznblues,eef92853-2cdb-3fb8-a406-ec784fc1f0d0
enderdragon566,d6db415c-5e28-3e52-bcb9-d5a2f1bd538d
xztdean,7719f94b-b391-3eae-b585-cb203a232d4d
nickspizza,e72d8590-8f08-33bd-92c6-2c2020709d7e
doom_slayer,ac30e2ce-4a8d-326d-a915-f101a2357e14
hmmmm_hope_pray,747a6a1b-fd86-346b-8958-581ba36d735c
cool1cat,b751700d-d6de-3212-94d1-208230967da9
builderman,d49ad596-08c8-3741-8a4e-04d08e1167b6
piweuripesd,9c23b456-bee8-38c9-bb7d-e8c1d8d48854
cascas,44d7d012-6bdf-38e7-8b59-a9c658ccfdd3
neonamed,b0837518-9c9a-3026-8188-ddd0f6897ff6
spacepodprime,d8bd9533-92e3-3bdc-ab57-9951f312b615
errrr,17f64c5c-a85b-3c52-8a64-d1b557ab8f42
mannybee,a66ab723-eb2b-35ed-b4d7-e7a3d3fb3a3e
asdas,f2030799-b61e-3659-a332-49126769bcca
phumlaphee,82f52f63-8d3d-3214-aa1d-1185233aa722
kash12,6fb18432-b155-3cbc-802f-d70776c4f06c
luca_321,f632b799-537f-3338-a17f-4bdabac48131
movetester1,873b1066-3564-3b0f-a954-aa323fee30c7
dragonfire2828,50fe3e0a-0ec2-39d8-8802-831fd51363d0
qwga,999047f1-ca6a-3239-a87c-a724c141e360
hfgks,dcabffb2-b7ab-395c-ad66-e2c3a38d3633
portilloshotdog,2d99575f-8070-3c90-84b0-7aba1a6f04bf
chiyuto,a124d2a9-7f4b-3d6b-8d54-0359e35893e7
dumbboard,b5a6be0e-47d1-30ca-aeca-c554dc4d19f2
87492,03fa1d23-1250-36e8-802a-600168601559
juanpadan,31f95a56-fa1d-39f3-b96e-4cba773d0979
ueryiweyr,57a911a8-6e08-3566-b81a-8e0f369a53d8
flamingprism55,17de6511-e222-30e7-844d-af410bd50216
teasteqf,a6f136eb-9ae4-3b58-8c86-305001fd31d3
opiwqri,10d8d9fc-efb5-3fa0-932f-cf84e269b398
canucksfan44,f566b6a6-9034-3840-815e-f883b657cc0c
dpsi,54bdf40b-c19a-3003-808a-c1a3c94d7bbb
stuglife,57da97f8-d42e-3453-9470-a199f002a296
asoid,d71d99a3-7077-3833-be9f-8181ba71de6f
vapause,681a87ae-0a02-3c7b-aff2-e943d66c2370
submitnamehere,8b919539-86c2-3cfb-83e1-934f016914a1
virus34,5697a848-621d-37fc-9ad0-cd67efd3af7d
thedarkbot,421ead09-eea5-382c-a12d-e8a95b6dbbce
nexlite,c87f702e-ccc6-3554-97f7-5fba95bc8103
krossroadz,2b47fee1-1096-3b31-b309-05d7878c8afe
exboe,658d7478-fb26-33c6-b7f2-69aa425d4839
stinky,0a406fa1-81e0-33c4-992f-0deb1bb8a534
ishattereddreams,d95f19cd-fdfe-35a2-a3ae-441cc72e9fa8
asd1o1,a987011c-a5b1-3684-adf3-7bb9f3a12994
steponmemommy,c303f501-72e6-34c9-9f96-6f57369ebcce
kingpapaya99,22611fe2-c30d-3649-ad80-d0fa63d1bcc3
iuyda,c161c544-d294-3f2a-a1e7-a822e7a9a7bb
sophiahui7531,b56cbd96-c93f-3e8e-98b1-b736c2de75d2
84blockpuncher77,19a3316a-a33a-3d6d-8d57-1a08bfb07912
earthen_sky,c1a86dbf-a89d-32d3-b276-a5154d88ca98
maycontain2,b05b0b2f-d11b-3770-b52e-bdc1c14d2ec3
mrtaqman,6e9142b0-6a72-37d2-b488-7001807df24c
